{
  "config": {
    "features": [
      {
        "feature": {
          "config": {
            "half_height": 2,
            "radius": 8,
            "state_provider": {
              "fallback": {
                "state": {
                  "Name": "minecraft:black_glazed_terracotta",
                  "Properties": {
                    "facing": "east"
                  }
                },
                "type": "minecraft:simple_state_provider"
              },
              "rules": []
            },
            "target": {
              "predicate": {
                "blocks": "#minecraft:features_cannot_replace",
                "type": "minecraft:matching_blocks"
              },
              "type": "minecraft:not"
            }
          },
          "type": "minecraft:disk"
        },
        "placement": [
          {
            "predicate": {
              "predicates": [
                {
                  "blocks": "minecraft:sand",
                  "offset": [
                    0,
                    -1,
                    0
                  ],
                  "type": "minecraft:matching_blocks"
                },
                {
                  "blocks": "minecraft:air",
                  "type": "minecraft:matching_blocks"
                }
              ],
              "type": "minecraft:all_of"
            },
            "type": "minecraft:block_predicate_filter"
          },
          {
            "xz_spread": 0,
            "y_spread": 2,
            "type": "minecraft:random_offset"
          }
        ]
      },
      {
        "feature": {
          "config": {
            "features": [
              {
                "feature": {
                  "config": {
                    "half_height": 3,
                    "radius": 8,
                    "state_provider": {
                      "fallback": {
                        "state": {
                          "Name": "minecraft:sand"
                        },
                        "type": "minecraft:simple_state_provider"
                      },
                      "rules": [
                        {
                          "if_true": {
                            "blocks": "minecraft:black_glazed_terracotta",
                            "type": "minecraft:matching_blocks"
                          },
                          "then": {
                            "state": {
                              "Name": "minecraft:air"
                            },
                            "type": "minecraft:simple_state_provider"
                          }
                        }
                      ]
                    },
                    "target": {
                      "predicates": [
                        {
                          "blocks": [
                            "minecraft:black_glazed_terracotta",
                            "minecraft:cactus",
                            "minecraft:smooth_sandstone",
                            "minecraft:sandstone"
                          ],
                          "type": "minecraft:matching_blocks"
                        },
                        {
                          "predicate": {
                            "type": "minecraft:solid"
                          },
                          "type": "minecraft:not"
                        }
                      ],
                      "type": "minecraft:any_of"
                    }
                  },
                  "type": "minecraft:disk"
                },
                "placement": [
                  {
                    "predicate": {
                      "blocks": "minecraft:black_glazed_terracotta",
                      "type": "minecraft:matching_blocks"
                    },
                    "type": "minecraft:block_predicate_filter"
                  },
                  {
                    "xz_spread": 0,
                    "y_spread": 1,
                    "type": "minecraft:random_offset"
                  }
                ]
              },
              {
                "feature": {
                  "config": {
                    "depth": 1,
                    "extra_bottom_block_chance": 0.0,
                    "extra_edge_column_chance": 0.75,
                    "ground_state": {
                      "state": {
                        "Name": "minecraft:water",
                        "Properties": {
                          "level": "0"
                        }
                      },
                      "type": "minecraft:simple_state_provider"
                    },
                    "replaceable": "#arboria:sand",
                    "surface": "floor",
                    "vegetation_chance": 1.0,
                    "vegetation_feature": {
                      "feature": {
                        "config": {
                          "half_height": 0,
                          "radius": {
                            "type": "minecraft:uniform",
                            "min_inclusive": 4,
                            "max_inclusive": 5
                          },
                          "state_provider": {
                            "fallback": {
                              "state": {
                                "Name": "minecraft:water",
                                "Properties": {
                                  "level": "0"
                                }
                              },
                              "type": "minecraft:simple_state_provider"
                            },
                            "rules": []
                          },
                          "target": {
                            "predicates": [
                              {
                                "blocks": "minecraft:sand",
                                "type": "minecraft:matching_blocks"
                              },
                              {
                                "blocks": [
                                  "minecraft:sand",
                                  "minecraft:water"
                                ],
                                "offset": [
                                  1,
                                  0,
                                  0
                                ],
                                "type": "minecraft:matching_blocks"
                              },
                              {
                                "blocks": [
                                  "minecraft:sand",
                                  "minecraft:water"
                                ],
                                "offset": [
                                  0,
                                  0,
                                  1
                                ],
                                "type": "minecraft:matching_blocks"
                              },
                              {
                                "blocks": [
                                  "minecraft:sand",
                                  "minecraft:water"
                                ],
                                "offset": [
                                  -1,
                                  0,
                                  0
                                ],
                                "type": "minecraft:matching_blocks"
                              },
                              {
                                "blocks": [
                                  "minecraft:sand",
                                  "minecraft:water"
                                ],
                                "offset": [
                                  0,
                                  0,
                                  -1
                                ],
                                "type": "minecraft:matching_blocks"
                              },
                              {
                                "offset": [
                                  0,
                                  -1,
                                  0
                                ],
                                "type": "minecraft:solid"
                              }
                            ],
                            "type": "minecraft:all_of"
                          }
                        },
                        "type": "minecraft:disk"
                      },
                      "placement": [
                        {
                          "xz_spread": 0,
                          "y_spread": -1,
                          "type": "minecraft:random_offset"
                        }
                      ]
                    },
                    "vertical_range": 1,
                    "xz_radius": 1
                  },
                  "type": "minecraft:vegetation_patch"
                },
                "placement": [
                  {
                    "predicate": {
                      "predicates": [
                        {
                          "blocks": "minecraft:sand",
                          "offset": [
                            0,
                            -1,
                            0
                          ],
                          "type": "minecraft:matching_blocks"
                        },
                        {
                          "blocks": "minecraft:air",
                          "type": "minecraft:matching_blocks"
                        }
                      ],
                      "type": "minecraft:all_of"
                    },
                    "type": "minecraft:block_predicate_filter"
                  },
                  {
                    "xz_spread": 0,
                    "y_spread": -1,
                    "type": "minecraft:random_offset"
                  }
                ]
              },
              {
                "feature": {
                  "config": {
                    "half_height": 1,
                    "radius": 8,
                    "state_provider": {
                      "fallback": {
                        "state": {
                          "Name": "minecraft:sand"
                        },
                        "type": "minecraft:simple_state_provider"
                      },
                      "rules": [
                        {
                          "if_true": {
                            "predicates": [
                              {
                                "blocks": "minecraft:water",
                                "offset": [
                                  0,
                                  1,
                                  0
                                ],
                                "type": "minecraft:matching_blocks"
                              },
                              {
                                "blocks": "minecraft:water",
                                "offset": [
                                  3,
                                  1,
                                  0
                                ],
                                "type": "minecraft:matching_blocks"
                              },
                              {
                                "blocks": "minecraft:water",
                                "offset": [
                                  0,
                                  1,
                                  3
                                ],
                                "type": "minecraft:matching_blocks"
                              },
                              {
                                "blocks": "minecraft:water",
                                "offset": [
                                  -3,
                                  1,
                                  0
                                ],
                                "type": "minecraft:matching_blocks"
                              },
                              {
                                "blocks": "minecraft:water",
                                "offset": [
                                  0,
                                  1,
                                  -3
                                ],
                                "type": "minecraft:matching_blocks"
                              }
                            ],
                            "type": "minecraft:all_of"
                          },
                          "then": {
                            "state": {
                              "Name": "minecraft:water",
                              "Properties": {
                                "level": "0"
                              }
                            },
                            "type": "minecraft:simple_state_provider"
                          }
                        },
                        {
                          "if_true": {
                            "predicates": [
                              {
                                "blocks": "minecraft:air",
                                "offset": [
                                  0,
                                  1,
                                  0
                                ],
                                "type": "minecraft:matching_blocks"
                              },
                              {
                                "predicates": [
                                  {
                                    "blocks": "minecraft:water",
                                    "offset": [
                                      1,
                                      0,
                                      0
                                    ],
                                    "type": "minecraft:matching_blocks"
                                  },
                                  {
                                    "blocks": "minecraft:water",
                                    "offset": [
                                      1,
                                      0,
                                      1
                                    ],
                                    "type": "minecraft:matching_blocks"
                                  },
                                  {
                                    "blocks": "minecraft:water",
                                    "offset": [
                                      0,
                                      0,
                                      1
                                    ],
                                    "type": "minecraft:matching_blocks"
                                  },
                                  {
                                    "blocks": "minecraft:water",
                                    "offset": [
                                      -1,
                                      0,
                                      1
                                    ],
                                    "type": "minecraft:matching_blocks"
                                  },
                                  {
                                    "blocks": "minecraft:water",
                                    "offset": [
                                      -1,
                                      0,
                                      0
                                    ],
                                    "type": "minecraft:matching_blocks"
                                  },
                                  {
                                    "blocks": "minecraft:water",
                                    "offset": [
                                      -1,
                                      0,
                                      -1
                                    ],
                                    "type": "minecraft:matching_blocks"
                                  },
                                  {
                                    "blocks": "minecraft:water",
                                    "offset": [
                                      0,
                                      0,
                                      -1
                                    ],
                                    "type": "minecraft:matching_blocks"
                                  },
                                  {
                                    "blocks": "minecraft:water",
                                    "offset": [
                                      1,
                                      0,
                                      -1
                                    ],
                                    "type": "minecraft:matching_blocks"
                                  }
                                ],
                                "type": "minecraft:any_of"
                              }
                            ],
                            "type": "minecraft:all_of"
                          },
                          "then": {
                            "entries": [
                              {
                                "data": {
                                  "Name": "minecraft:grass_block",
                                  "Properties": {
                                    "snowy": "false"
                                  }
                                },
                                "weight": 3
                              },
                              {
                                "data": {
                                  "Name": "minecraft:sand"
                                },
                                "weight": 1
                              }
                            ],
                            "type": "minecraft:weighted_state_provider"
                          }
                        }
                      ]
                    },
                    "target": {
                      "blocks": "minecraft:sand",
                      "type": "minecraft:matching_blocks"
                    }
                  },
                  "type": "minecraft:disk"
                },
                "placement": [
                  {
                    "predicate": {
                      "predicates": [
                        {
                          "blocks": "minecraft:water",
                          "offset": [
                            0,
                            -1,
                            0
                          ],
                          "type": "minecraft:matching_blocks"
                        },
                        {
                          "predicate": {
                            "blocks": "minecraft:water",
                            "offset": [
                              0,
                              -2,
                              0
                            ],
                            "type": "minecraft:matching_blocks"
                          },
                          "type": "minecraft:not"
                        }
                      ],
                      "type": "minecraft:all_of"
                    },
                    "type": "minecraft:block_predicate_filter"
                  },
                  {
                    "xz_spread": 0,
                    "y_spread": -1,
                    "type": "minecraft:random_offset"
                  }
                ]
              }
            ]
          },
          "type": "minecraft:simple_random_selector"
        },
        "placement": [
          {
            "predicate": {
              "blocks": "minecraft:black_glazed_terracotta",
              "type": "minecraft:matching_blocks"
            },
            "type": "minecraft:block_predicate_filter"
          },
          {
            "count": 48,
            "type": "minecraft:count"
          }
        ]
      }
    ]
  },
  "type": "minecraft:simple_random_selector"
}