{
  "config": {
    "features": [
      {
        "feature": {
          "config": {
            "features": [
              {
                "feature": {
                  "config": {
                    "decorators": [
                      {
                        "probability": 0.045,
                        "type": "minecraft:beehive"
                      },
                      {
                        "block_provider": {
                          "state": {
                            "Name": "minecraft:cherry_leaves",
                            "Properties": {
                              "distance": "2",
                              "persistent": "false",
                              "waterlogged": "false"
                            }
                          },
                          "type": "minecraft:simple_state_provider"
                        },
                        "directions": [
                          "down"
                        ],
                        "exclusion_radius_xz": 0,
                        "exclusion_radius_y": 0,
                        "probability": 0.4,
                        "required_empty_blocks": 1,
                        "type": "minecraft:attached_to_leaves"
                      },
                      {
                        "block_provider": {
                          "state": {
                            "Name": "minecraft:cherry_leaves",
                            "Properties": {
                              "distance": "2",
                              "persistent": "false",
                              "waterlogged": "false"
                            }
                          },
                          "type": "minecraft:simple_state_provider"
                        },
                        "directions": [
                          "east"
                        ],
                        "exclusion_radius_xz": 0,
                        "exclusion_radius_y": 0,
                        "probability": 0.7,
                        "required_empty_blocks": 1,
                        "type": "minecraft:attached_to_leaves"
                      },
                      {
                        "block_provider": {
                          "state": {
                            "Name": "minecraft:cherry_leaves",
                            "Properties": {
                              "distance": "2",
                              "persistent": "false",
                              "waterlogged": "false"
                            }
                          },
                          "type": "minecraft:simple_state_provider"
                        },
                        "directions": [
                          "south"
                        ],
                        "exclusion_radius_xz": 0,
                        "exclusion_radius_y": 0,
                        "probability": 0.7,
                        "required_empty_blocks": 1,
                        "type": "minecraft:attached_to_leaves"
                      },
                      {
                        "block_provider": {
                          "state": {
                            "Name": "minecraft:cherry_leaves",
                            "Properties": {
                              "distance": "2",
                              "persistent": "false",
                              "waterlogged": "false"
                            }
                          },
                          "type": "minecraft:simple_state_provider"
                        },
                        "directions": [
                          "west"
                        ],
                        "exclusion_radius_xz": 0,
                        "exclusion_radius_y": 0,
                        "probability": 0.7,
                        "required_empty_blocks": 1,
                        "type": "minecraft:attached_to_leaves"
                      },
                      {
                        "block_provider": {
                          "state": {
                            "Name": "minecraft:cherry_leaves",
                            "Properties": {
                              "distance": "2",
                              "persistent": "false",
                              "waterlogged": "false"
                            }
                          },
                          "type": "minecraft:simple_state_provider"
                        },
                        "directions": [
                          "north"
                        ],
                        "exclusion_radius_xz": 0,
                        "exclusion_radius_y": 0,
                        "probability": 0.7,
                        "required_empty_blocks": 1,
                        "type": "minecraft:attached_to_leaves"
                      },
                      {
                        "block_provider": {
                          "state": {
                            "Name": "minecraft:cherry_leaves",
                            "Properties": {
                              "distance": "2",
                              "persistent": "false",
                              "waterlogged": "false"
                            }
                          },
                          "type": "minecraft:simple_state_provider"
                        },
                        "directions": [
                          "up"
                        ],
                        "exclusion_radius_xz": 0,
                        "exclusion_radius_y": 0,
                        "probability": 0.85,
                        "required_empty_blocks": 1,
                        "type": "minecraft:attached_to_leaves"
                      }
                    ],
                    "dirt_provider": {
                      "state": {
                        "Name": "minecraft:rooted_dirt"
                      },
                      "type": "minecraft:simple_state_provider"
                    },
                    "foliage_placer": {
                      "height": 4,
                      "offset": 2,
                      "radius": 2,
                      "type": "minecraft:fancy_foliage_placer"
                    },
                    "foliage_provider": {
                      "state": {
                        "Name": "minecraft:cherry_leaves",
                        "Properties": {
                          "distance": "1",
                          "persistent": "false",
                          "waterlogged": "false"
                        }
                      },
                      "type": "minecraft:simple_state_provider"
                    },
                    "force_dirt": false,
                    "ignore_vines": true,
                    "minimum_size": {
                      "limit": 2,
                      "lower_size": 1,
                      "upper_size": 2,
                      "type": "minecraft:two_layers_feature_size"
                    },
                    "trunk_placer": {
                      "base_height": 7,
                      "branch_count": {
                        "distribution": [
                          {
                            "data": 1,
                            "weight": 1
                          },
                          {
                            "data": 2,
                            "weight": 4
                          },
                          {
                            "data": 3,
                            "weight": 2
                          }
                        ],
                        "type": "minecraft:weighted_list"
                      },
                      "branch_end_offset_from_top": {
                        "type": "minecraft:uniform",
                        "min_inclusive": -2,
                        "max_inclusive": 0
                      },
                      "branch_horizontal_length": {
                        "type": "minecraft:biased_to_bottom",
                        "min_inclusive": 2,
                        "max_inclusive": 4
                      },
                      "branch_start_offset_from_top": {
                        "min_inclusive": -5,
                        "max_inclusive": -3
                      },
                      "height_rand_a": 1,
                      "height_rand_b": 1,
                      "type": "minecraft:cherry_trunk_placer"
                    },
                    "trunk_provider": {
                      "state": {
                        "Name": "minecraft:cherry_log",
                        "Properties": {
                          "axis": "y"
                        }
                      },
                      "type": "minecraft:simple_state_provider"
                    }
                  },
                  "type": "minecraft:tree"
                },
                "placement": [
                  {
                    "predicate": {
                      "type": "minecraft:replaceable"
                    },
                    "type": "minecraft:block_predicate_filter"
                  }
                ]
              },
              {
                "feature": "arboria:cherry/roots/1",
                "placement": [
                  {
                    "predicate": {
                      "blocks": "minecraft:cherry_log",
                      "type": "minecraft:matching_blocks"
                    },
                    "type": "minecraft:block_predicate_filter"
                  }
                ]
              }
            ]
          },
          "type": "minecraft:simple_random_selector"
        },
        "placement": [
          {
            "predicate": {
              "state": {
                "Name": "minecraft:cherry_sapling",
                "Properties": {
                  "stage": "0"
                }
              },
              "type": "minecraft:would_survive"
            },
            "type": "minecraft:block_predicate_filter"
          },
          {
            "count": 32,
            "type": "minecraft:count"
          }
        ]
      }
    ]
  },
  "type": "minecraft:simple_random_selector"
}