{
  "type": "minecraft:fallen_tree",
  "config": {
    "log_decorators": [
      {
        "type": "minecraft:attached_to_logs",
        "block_provider": {
          "type": "minecraft:weighted_state_provider",
          "entries": [
            {
              "data": {
                "Name": "minecraft:moss_carpet"
              },
              "weight": 2
            },
            {
              "data": {
                "Name": "minecraft:red_mushroom"
              },
              "weight": 1
            },
            {
              "data": {
                "Name": "minecraft:brown_mushroom"
              },
              "weight": 29
            }
          ]
        },
        "directions": [
          "up"
        ],
        "probability": 0.1
      }
    ],
    "log_length": {
      "type": "minecraft:uniform",
      "max_inclusive": 9,
      "min_inclusive": 4
    },
    "stump_decorators": [],
    "trunk_provider": {
      "type": "minecraft:simple_state_provider",
      "state": {
        "Name": "minecraft:birch_log",
        "Properties": {
          "axis": "y"
        }
      }
    }
  }
}