{
  "config": {
    "features": [
      {
        "feature": {
          "config": {
            "features": [
              {
                "feature": {
                  "config": {
                    "features": [
                      {
                        "feature": {
                          "config": {
                            "decorators": [
                              {
                                "block_provider": {
                                  "state": {
                                    "Name": "minecraft:brown_mushroom_block",
                                    "Properties": {
                                      "down": "true",
                                      "east": "true",
                                      "north": "true",
                                      "south": "true",
                                      "up": "true",
                                      "west": "true"
                                    }
                                  },
                                  "type": "minecraft:simple_state_provider"
                                },
                                "directions": [
                                  "east"
                                ],
                                "exclusion_radius_xz": 0,
                                "exclusion_radius_y": 0,
                                "probability": 1.0,
                                "required_empty_blocks": 1,
                                "type": "minecraft:attached_to_leaves"
                              },
                              {
                                "block_provider": {
                                  "state": {
                                    "Name": "minecraft:brown_mushroom_block",
                                    "Properties": {
                                      "down": "true",
                                      "east": "true",
                                      "north": "true",
                                      "south": "true",
                                      "up": "true",
                                      "west": "true"
                                    }
                                  },
                                  "type": "minecraft:simple_state_provider"
                                },
                                "directions": [
                                  "south"
                                ],
                                "exclusion_radius_xz": 0,
                                "exclusion_radius_y": 0,
                                "probability": 1.0,
                                "required_empty_blocks": 1,
                                "type": "minecraft:attached_to_leaves"
                              },
                              {
                                "block_provider": {
                                  "state": {
                                    "Name": "minecraft:brown_mushroom_block",
                                    "Properties": {
                                      "down": "true",
                                      "east": "true",
                                      "north": "true",
                                      "south": "true",
                                      "up": "true",
                                      "west": "true"
                                    }
                                  },
                                  "type": "minecraft:simple_state_provider"
                                },
                                "directions": [
                                  "west"
                                ],
                                "exclusion_radius_xz": 0,
                                "exclusion_radius_y": 0,
                                "probability": 1.0,
                                "required_empty_blocks": 1,
                                "type": "minecraft:attached_to_leaves"
                              },
                              {
                                "block_provider": {
                                  "state": {
                                    "Name": "minecraft:brown_mushroom_block",
                                    "Properties": {
                                      "down": "true",
                                      "east": "true",
                                      "north": "true",
                                      "south": "true",
                                      "up": "true",
                                      "west": "true"
                                    }
                                  },
                                  "type": "minecraft:simple_state_provider"
                                },
                                "directions": [
                                  "north"
                                ],
                                "exclusion_radius_xz": 0,
                                "exclusion_radius_y": 0,
                                "probability": 1.0,
                                "required_empty_blocks": 1,
                                "type": "minecraft:attached_to_leaves"
                              }
                            ],
                            "dirt_provider": {
                              "state": {
                                "Name": "minecraft:air"
                              },
                              "type": "minecraft:simple_state_provider"
                            },
                            "foliage_placer": {
                              "crown_height": 2,
                              "offset": 1,
                              "radius": 4,
                              "type": "minecraft:mega_pine_foliage_placer"
                            },
                            "foliage_provider": {
                              "state": {
                                "Name": "minecraft:brown_mushroom_block",
                                "Properties": {
                                  "down": "true",
                                  "east": "true",
                                  "north": "true",
                                  "south": "true",
                                  "up": "true",
                                  "west": "true"
                                }
                              },
                              "type": "minecraft:simple_state_provider"
                            },
                            "force_dirt": false,
                            "ignore_vines": true,
                            "minimum_size": {
                              "limit": 3,
                              "lower_size": 0,
                              "upper_size": 1,
                              "type": "minecraft:two_layers_feature_size"
                            },
                            "trunk_placer": {
                              "base_height": 1,
                              "height_rand_a": 0,
                              "height_rand_b": 0,
                              "type": "minecraft:straight_trunk_placer"
                            },
                            "trunk_provider": {
                              "state": {
                                "Name": "minecraft:brown_mushroom_block",
                                "Properties": {
                                  "down": "true",
                                  "east": "true",
                                  "north": "true",
                                  "south": "true",
                                  "up": "true",
                                  "west": "true"
                                }
                              },
                              "type": "minecraft:simple_state_provider"
                            }
                          },
                          "type": "minecraft:tree"
                        },
                        "placement": [
                          {
                            "predicate": {
                              "type": "minecraft:replaceable"
                            },
                            "type": "minecraft:block_predicate_filter"
                          }
                        ]
                      },
                      {
                        "feature": {
                          "config": {
                            "half_height": 0,
                            "radius": 7,
                            "state_provider": {
                              "fallback": {
                                "state": {
                                  "Name": "minecraft:brown_mushroom_block",
                                  "Properties": {
                                    "down": "true",
                                    "east": "true",
                                    "north": "true",
                                    "south": "true",
                                    "up": "true",
                                    "west": "true"
                                  }
                                },
                                "type": "minecraft:simple_state_provider"
                              },
                              "rules": []
                            },
                            "target": {
                              "type": "minecraft:replaceable"
                            }
                          },
                          "type": "minecraft:disk"
                        },
                        "placement": [
                          {
                            "predicate": {
                              "predicates": [
                                {
                                  "blocks": "minecraft:brown_mushroom_block",
                                  "type": "minecraft:matching_blocks"
                                },
                                {
                                  "predicate": {
                                    "blocks": "minecraft:brown_mushroom_block",
                                    "offset": [
                                      7,
                                      -1,
                                      0
                                    ],
                                    "type": "minecraft:matching_blocks"
                                  },
                                  "type": "minecraft:not"
                                }
                              ],
                              "type": "minecraft:all_of"
                            },
                            "type": "minecraft:block_predicate_filter"
                          },
                          {
                            "xz_spread": 0,
                            "y_spread": -1,
                            "type": "minecraft:random_offset"
                          }
                        ]
                      },
                      {
                        "feature": {
                          "config": {
                            "half_height": 0,
                            "radius": 5,
                            "state_provider": {
                              "fallback": {
                                "state": {
                                  "Name": "minecraft:air"
                                },
                                "type": "minecraft:simple_state_provider"
                              },
                              "rules": []
                            },
                            "target": {
                              "blocks": "minecraft:brown_mushroom_block",
                              "type": "minecraft:matching_blocks"
                            }
                          },
                          "type": "minecraft:disk"
                        },
                        "placement": [
                          {
                            "predicate": {
                              "blocks": "minecraft:brown_mushroom_block",
                              "offset": [
                                2,
                                -1,
                                0
                              ],
                              "type": "minecraft:matching_blocks"
                            },
                            "type": "minecraft:block_predicate_filter"
                          },
                          {
                            "xz_spread": 0,
                            "y_spread": -1,
                            "type": "minecraft:random_offset"
                          }
                        ]
                      }
                    ]
                  },
                  "type": "minecraft:simple_random_selector"
                },
                "placement": [
                  {
                    "predicate": {
                      "type": "minecraft:replaceable"
                    },
                    "type": "minecraft:block_predicate_filter"
                  },
                  {
                    "count": 48,
                    "type": "minecraft:count"
                  }
                ]
              },
              {
                "feature": {
                  "config": {
                    "features": [
                      {
                        "feature": {
                          "config": {
                            "half_height": 0,
                            "radius": 3,
                            "state_provider": {
                              "fallback": {
                                "state": {
                                  "Name": "minecraft:air"
                                },
                                "type": "minecraft:simple_state_provider"
                              },
                              "rules": []
                            },
                            "target": {
                              "blocks": "minecraft:brown_mushroom_block",
                              "type": "minecraft:matching_blocks"
                            }
                          },
                          "type": "minecraft:disk"
                        },
                        "placement": [
                          {
                            "predicate": {
                              "blocks": "minecraft:brown_mushroom_block",
                              "type": "minecraft:matching_blocks"
                            },
                            "type": "minecraft:block_predicate_filter"
                          }
                        ]
                      },
                      {
                        "feature": {
                          "config": {
                            "depth": 1,
                            "extra_bottom_block_chance": 0.0,
                            "extra_edge_column_chance": 0.0,
                            "ground_state": {
                              "state": {
                                "Name": "minecraft:brown_mushroom_block",
                                "Properties": {
                                  "down": "true",
                                  "east": "true",
                                  "north": "true",
                                  "south": "true",
                                  "up": "true",
                                  "west": "true"
                                }
                              },
                              "type": "minecraft:simple_state_provider"
                            },
                            "replaceable": "#arboria:mushroom_blocks",
                            "surface": "ceiling",
                            "vegetation_chance": 1.0,
                            "vegetation_feature": {
                              "feature": {
                                "config": {
                                  "allowed_placement": {
                                    "predicates": [
                                      {
                                        "blocks": "#arboria:mushroom_blocks",
                                        "type": "minecraft:matching_blocks"
                                      },
                                      {
                                        "type": "minecraft:replaceable"
                                      }
                                    ],
                                    "type": "minecraft:any_of"
                                  },
                                  "direction": "down",
                                  "layers": [
                                    {
                                      "height": 15,
                                      "provider": {
                                        "state": {
                                          "Name": "minecraft:mushroom_stem",
                                          "Properties": {
                                            "down": "true",
                                            "east": "true",
                                            "north": "true",
                                            "south": "true",
                                            "up": "true",
                                            "west": "true"
                                          }
                                        },
                                        "type": "minecraft:simple_state_provider"
                                      }
                                    }
                                  ],
                                  "prioritize_tip": false
                                },
                                "type": "minecraft:block_column"
                              },
                              "placement": []
                            },
                            "vertical_range": 2,
                            "xz_radius": 1
                          },
                          "type": "minecraft:vegetation_patch"
                        },
                        "placement": [
                          {
                            "predicate": {
                              "blocks": "minecraft:air",
                              "type": "minecraft:matching_blocks"
                            },
                            "type": "minecraft:block_predicate_filter"
                          },
                          {
                            "xz_spread": 0,
                            "y_spread": 1,
                            "type": "minecraft:random_offset"
                          }
                        ]
                      },
                      {
                        "feature": {
                          "config": {
                            "block": "minecraft:glow_lichen",
                            "can_be_placed_on": "minecraft:mushroom_stem",
                            "can_place_on_ceiling": false,
                            "can_place_on_floor": false,
                            "can_place_on_wall": true,
                            "chance_of_spreading": 0.0,
                            "search_range": 1
                          },
                          "type": "minecraft:multiface_growth"
                        },
                        "placement": [
                          {
                            "predicate": {
                              "blocks": "minecraft:mushroom_stem",
                              "type": "minecraft:matching_blocks"
                            },
                            "type": "minecraft:block_predicate_filter"
                          },
                          {
                            "xz_spread": {
                              "type": "minecraft:uniform",
                              "min_inclusive": -2,
                              "max_inclusive": 2
                            },
                            "y_spread": 0,
                            "type": "minecraft:random_offset"
                          }
                        ]
                      }
                    ]
                  },
                  "type": "minecraft:simple_random_selector"
                },
                "placement": [
                  {
                    "predicate": {
                      "predicates": [
                        {
                          "blocks": "minecraft:brown_mushroom_block",
                          "offset": [
                            0,
                            1,
                            0
                          ],
                          "type": "minecraft:matching_blocks"
                        },
                        {
                          "predicate": {
                            "blocks": "minecraft:mushroom_stem",
                            "offset": [
                              0,
                              -1,
                              0
                            ],
                            "type": "minecraft:matching_blocks"
                          },
                          "type": "minecraft:not"
                        }
                      ],
                      "type": "minecraft:all_of"
                    },
                    "type": "minecraft:block_predicate_filter"
                  },
                  {
                    "count": 48,
                    "type": "minecraft:count"
                  }
                ]
              }
            ]
          },
          "type": "minecraft:simple_random_selector"
        },
        "placement": [
          {
            "count": 28,
            "type": "minecraft:count"
          }
        ]
      }
    ]
  },
  "type": "minecraft:simple_random_selector"
}