{
  "config": {
    "features": [
      {
        "feature": {
          "config": {
            "features": [
              {
                "feature": {
                  "config": {
                    "features": [
                      {
                        "feature": {
                          "config": {
                            "features": [
                              {
                                "feature": {
                                  "config": {
                                    "decorators": [
                                      {
                                        "probability": 0.1,
                                        "type": "minecraft:leave_vine"
                                      }
                                    ],
                                    "dirt_provider": {
                                      "state": {
                                        "Name": "minecraft:rooted_dirt"
                                      },
                                      "type": "minecraft:simple_state_provider"
                                    },
                                    "foliage_placer": {
                                      "height": 1,
                                      "offset": 0,
                                      "radius": 2,
                                      "type": "minecraft:blob_foliage_placer"
                                    },
                                    "foliage_provider": {
                                      "state": {
                                        "Name": "minecraft:jungle_log",
                                        "Properties": {
                                          "axis": "y"
                                        }
                                      },
                                      "type": "minecraft:simple_state_provider"
                                    },
                                    "force_dirt": false,
                                    "ignore_vines": true,
                                    "minimum_size": {
                                      "limit": 3,
                                      "lower_size": 0,
                                      "upper_size": 0,
                                      "type": "minecraft:two_layers_feature_size"
                                    },
                                    "trunk_placer": {
                                      "base_height": 1,
                                      "height_rand_a": 5,
                                      "height_rand_b": 0,
                                      "type": "minecraft:straight_trunk_placer"
                                    },
                                    "trunk_provider": {
                                      "state": {
                                        "Name": "minecraft:jungle_log",
                                        "Properties": {
                                          "axis": "y"
                                        }
                                      },
                                      "type": "minecraft:simple_state_provider"
                                    }
                                  },
                                  "type": "minecraft:tree"
                                },
                                "placement": [
                                  {
                                    "predicate": {
                                      "type": "minecraft:replaceable"
                                    },
                                    "type": "minecraft:block_predicate_filter"
                                  },
                                  {
                                    "count": 64,
                                    "type": "minecraft:count"
                                  }
                                ]
                              },
                              {
                                "feature": {
                                  "config": {
                                    "decorators": [
                                      {
                                        "type": "minecraft:trunk_vine"
                                      }
                                    ],
                                    "dirt_provider": {
                                      "state": {
                                        "Name": "minecraft:jungle_log",
                                        "Properties": {
                                          "axis": "y"
                                        }
                                      },
                                      "type": "minecraft:simple_state_provider"
                                    },
                                    "foliage_placer": {
                                      "offset": 0,
                                      "radius": 0,
                                      "type": "minecraft:acacia_foliage_placer"
                                    },
                                    "foliage_provider": {
                                      "state": {
                                        "Name": "minecraft:air"
                                      },
                                      "type": "minecraft:simple_state_provider"
                                    },
                                    "force_dirt": false,
                                    "ignore_vines": true,
                                    "minimum_size": {
                                      "limit": 1,
                                      "lower_size": 0,
                                      "upper_size": 0,
                                      "type": "minecraft:two_layers_feature_size"
                                    },
                                    "trunk_placer": {
                                      "base_height": 14,
                                      "height_rand_a": 1,
                                      "height_rand_b": 0,
                                      "type": "minecraft:straight_trunk_placer"
                                    },
                                    "trunk_provider": {
                                      "state": {
                                        "Name": "minecraft:jungle_log",
                                        "Properties": {
                                          "axis": "y"
                                        }
                                      },
                                      "type": "minecraft:simple_state_provider"
                                    }
                                  },
                                  "type": "minecraft:tree"
                                },
                                "placement": [
                                  {
                                    "predicate": {
                                      "predicates": [
                                        {
                                          "blocks": "minecraft:jungle_log",
                                          "type": "minecraft:matching_blocks"
                                        },
                                        {
                                          "predicate": {
                                            "blocks": "minecraft:jungle_log",
                                            "offset": [
                                              0,
                                              10,
                                              0
                                            ],
                                            "type": "minecraft:matching_blocks"
                                          },
                                          "type": "minecraft:not"
                                        }
                                      ],
                                      "type": "minecraft:all_of"
                                    },
                                    "type": "minecraft:block_predicate_filter"
                                  },
                                  {
                                    "direction_of_search": "up",
                                    "max_steps": 10,
                                    "target_condition": {
                                      "blocks": "#arboria:tree_branch_replaceable",
                                      "type": "minecraft:matching_blocks"
                                    },
                                    "type": "minecraft:environment_scan"
                                  },
                                  {
                                    "count": 128,
                                    "type": "minecraft:count"
                                  },
                                  {
                                    "xz_spread": {
                                      "type": "minecraft:uniform",
                                      "min_inclusive": -1,
                                      "max_inclusive": 1
                                    },
                                    "y_spread": 0,
                                    "type": "minecraft:random_offset"
                                  },
                                  {
                                    "predicate": {
                                      "type": "minecraft:replaceable"
                                    },
                                    "type": "minecraft:block_predicate_filter"
                                  },
                                  {
                                    "direction_of_search": "down",
                                    "max_steps": 2,
                                    "target_condition": {
                                      "blocks": "minecraft:jungle_log",
                                      "offset": [
                                        0,
                                        -1,
                                        0
                                      ],
                                      "type": "minecraft:matching_blocks"
                                    },
                                    "type": "minecraft:environment_scan"
                                  }
                                ]
                              }
                            ]
                          },
                          "type": "minecraft:simple_random_selector"
                        },
                        "placement": [
                          {
                            "predicate": {
                              "type": "minecraft:replaceable"
                            },
                            "type": "minecraft:block_predicate_filter"
                          },
                          {
                            "count": 28,
                            "type": "minecraft:count"
                          }
                        ]
                      },
                      {
                        "feature": {
                          "config": {
                            "features": [
                              {
                                "feature": {
                                  "config": {
                                    "decorators": [
                                      {
                                        "block_provider": {
                                          "state": {
                                            "Name": "minecraft:jungle_leaves",
                                            "Properties": {
                                              "distance": "2",
                                              "persistent": "false",
                                              "waterlogged": "false"
                                            }
                                          },
                                          "type": "minecraft:simple_state_provider"
                                        },
                                        "directions": [
                                          "down"
                                        ],
                                        "exclusion_radius_xz": 0,
                                        "exclusion_radius_y": 0,
                                        "probability": 0.35,
                                        "required_empty_blocks": 2,
                                        "type": "minecraft:attached_to_leaves"
                                      },
                                      {
                                        "block_provider": {
                                          "state": {
                                            "Name": "minecraft:jungle_leaves",
                                            "Properties": {
                                              "distance": "2",
                                              "persistent": "false",
                                              "waterlogged": "false"
                                            }
                                          },
                                          "type": "minecraft:simple_state_provider"
                                        },
                                        "directions": [
                                          "east"
                                        ],
                                        "exclusion_radius_xz": 0,
                                        "exclusion_radius_y": 0,
                                        "probability": 0.7,
                                        "required_empty_blocks": 1,
                                        "type": "minecraft:attached_to_leaves"
                                      },
                                      {
                                        "block_provider": {
                                          "state": {
                                            "Name": "minecraft:jungle_leaves",
                                            "Properties": {
                                              "distance": "2",
                                              "persistent": "false",
                                              "waterlogged": "false"
                                            }
                                          },
                                          "type": "minecraft:simple_state_provider"
                                        },
                                        "directions": [
                                          "south"
                                        ],
                                        "exclusion_radius_xz": 0,
                                        "exclusion_radius_y": 0,
                                        "probability": 0.7,
                                        "required_empty_blocks": 1,
                                        "type": "minecraft:attached_to_leaves"
                                      },
                                      {
                                        "block_provider": {
                                          "state": {
                                            "Name": "minecraft:jungle_leaves",
                                            "Properties": {
                                              "distance": "2",
                                              "persistent": "false",
                                              "waterlogged": "false"
                                            }
                                          },
                                          "type": "minecraft:simple_state_provider"
                                        },
                                        "directions": [
                                          "west"
                                        ],
                                        "exclusion_radius_xz": 0,
                                        "exclusion_radius_y": 0,
                                        "probability": 0.7,
                                        "required_empty_blocks": 1,
                                        "type": "minecraft:attached_to_leaves"
                                      },
                                      {
                                        "block_provider": {
                                          "state": {
                                            "Name": "minecraft:jungle_leaves",
                                            "Properties": {
                                              "distance": "2",
                                              "persistent": "false",
                                              "waterlogged": "false"
                                            }
                                          },
                                          "type": "minecraft:simple_state_provider"
                                        },
                                        "directions": [
                                          "north"
                                        ],
                                        "exclusion_radius_xz": 0,
                                        "exclusion_radius_y": 0,
                                        "probability": 0.7,
                                        "required_empty_blocks": 1,
                                        "type": "minecraft:attached_to_leaves"
                                      },
                                      {
                                        "probability": 0.2,
                                        "type": "minecraft:leave_vine"
                                      }
                                    ],
                                    "dirt_provider": {
                                      "state": {
                                        "Name": "minecraft:jungle_log",
                                        "Properties": {
                                          "axis": "y"
                                        }
                                      },
                                      "type": "minecraft:simple_state_provider"
                                    },
                                    "foliage_placer": {
                                      "height": 3,
                                      "offset": 1,
                                      "radius": 3,
                                      "type": "minecraft:fancy_foliage_placer"
                                    },
                                    "foliage_provider": {
                                      "state": {
                                        "Name": "minecraft:jungle_leaves",
                                        "Properties": {
                                          "distance": "1",
                                          "persistent": "false",
                                          "waterlogged": "false"
                                        }
                                      },
                                      "type": "minecraft:simple_state_provider"
                                    },
                                    "force_dirt": false,
                                    "ignore_vines": true,
                                    "minimum_size": {
                                      "limit": 3,
                                      "lower_size": 0,
                                      "upper_size": 0,
                                      "type": "minecraft:two_layers_feature_size"
                                    },
                                    "trunk_placer": {
                                      "base_height": 25,
                                      "can_grow_through": "#arboria:tree_branch_replaceable",
                                      "extra_branch_length": {
                                        "type": "minecraft:uniform",
                                        "min_inclusive": 0,
                                        "max_inclusive": 1
                                      },
                                      "extra_branch_steps": {
                                        "type": "minecraft:uniform",
                                        "min_inclusive": 4,
                                        "max_inclusive": 5
                                      },
                                      "height_rand_a": 2,
                                      "height_rand_b": 0,
                                      "place_branch_per_log_probability": 0.3,
                                      "type": "minecraft:upwards_branching_trunk_placer"
                                    },
                                    "trunk_provider": {
                                      "state": {
                                        "Name": "minecraft:jungle_log",
                                        "Properties": {
                                          "axis": "y"
                                        }
                                      },
                                      "type": "minecraft:simple_state_provider"
                                    }
                                  },
                                  "type": "minecraft:tree"
                                },
                                "placement": [
                                  {
                                    "predicate": {
                                      "predicate": {
                                        "blocks": "minecraft:jungle_log",
                                        "offset": [
                                          0,
                                          10,
                                          0
                                        ],
                                        "type": "minecraft:matching_blocks"
                                      },
                                      "type": "minecraft:not"
                                    },
                                    "type": "minecraft:block_predicate_filter"
                                  },
                                  {
                                    "xz_spread": 0,
                                    "y_spread": -6,
                                    "type": "minecraft:random_offset"
                                  }
                                ]
                              },
                              {
                                "feature": {
                                  "config": {
                                    "decorators": [
                                      {
                                        "probability": 0.2,
                                        "type": "minecraft:leave_vine"
                                      }
                                    ],
                                    "dirt_provider": {
                                      "state": {
                                        "Name": "minecraft:jungle_log",
                                        "Properties": {
                                          "axis": "y"
                                        }
                                      },
                                      "type": "minecraft:simple_state_provider"
                                    },
                                    "foliage_placer": {
                                      "height": 16,
                                      "offset": 0,
                                      "radius": 1,
                                      "type": "minecraft:fancy_foliage_placer"
                                    },
                                    "foliage_provider": {
                                      "state": {
                                        "Name": "minecraft:jungle_log",
                                        "Properties": {
                                          "axis": "y"
                                        }
                                      },
                                      "type": "minecraft:simple_state_provider"
                                    },
                                    "force_dirt": false,
                                    "ignore_vines": true,
                                    "minimum_size": {
                                      "limit": 1,
                                      "lower_size": 0,
                                      "upper_size": 0,
                                      "type": "minecraft:two_layers_feature_size"
                                    },
                                    "trunk_placer": {
                                      "base_height": 1,
                                      "height_rand_a": 0,
                                      "height_rand_b": 0,
                                      "type": "minecraft:straight_trunk_placer"
                                    },
                                    "trunk_provider": {
                                      "state": {
                                        "Name": "minecraft:jungle_log",
                                        "Properties": {
                                          "axis": "y"
                                        }
                                      },
                                      "type": "minecraft:simple_state_provider"
                                    }
                                  },
                                  "type": "minecraft:tree"
                                },
                                "placement": [
                                  {
                                    "predicate": {
                                      "blocks": "minecraft:jungle_log",
                                      "offset": [
                                        0,
                                        10,
                                        0
                                      ],
                                      "type": "minecraft:matching_blocks"
                                    },
                                    "type": "minecraft:block_predicate_filter"
                                  },
                                  {
                                    "xz_spread": 0,
                                    "y_spread": 5,
                                    "type": "minecraft:random_offset"
                                  },
                                  {
                                    "direction_of_search": "up",
                                    "max_steps": 15,
                                    "target_condition": {
                                      "predicates": [
                                        {
                                          "blocks": "minecraft:jungle_log",
                                          "type": "minecraft:matching_blocks"
                                        },
                                        {
                                          "blocks": "minecraft:jungle_leaves",
                                          "offset": [
                                            0,
                                            1,
                                            0
                                          ],
                                          "type": "minecraft:matching_blocks"
                                        }
                                      ],
                                      "type": "minecraft:all_of"
                                    },
                                    "type": "minecraft:environment_scan"
                                  },
                                  {
                                    "count": 24,
                                    "type": "minecraft:count"
                                  },
                                  {
                                    "xz_spread": 0,
                                    "y_spread": {
                                      "type": "minecraft:uniform",
                                      "min_inclusive": -8,
                                      "max_inclusive": -1
                                    },
                                    "type": "minecraft:random_offset"
                                  }
                                ]
                              }
                            ]
                          },
                          "type": "minecraft:simple_random_selector"
                        },
                        "placement": [
                          {
                            "predicate": {
                              "blocks": "minecraft:jungle_log",
                              "type": "minecraft:matching_blocks"
                            },
                            "type": "minecraft:block_predicate_filter"
                          },
                          {
                            "xz_spread": 0,
                            "y_spread": 12,
                            "type": "minecraft:random_offset"
                          },
                          {
                            "count": 4,
                            "type": "minecraft:count"
                          }
                        ]
                      }
                    ]
                  },
                  "type": "minecraft:simple_random_selector"
                },
                "placement": [
                  {
                    "predicate": {
                      "type": "minecraft:replaceable"
                    },
                    "type": "minecraft:block_predicate_filter"
                  },
                  {
                    "count": 40,
                    "type": "minecraft:count"
                  }
                ]
              },
              {
                "feature": "arboria:big_jungle_tree/roots/1",
                "placement": [
                  {
                    "predicate": {
                      "blocks": "minecraft:jungle_log",
                      "type": "minecraft:matching_blocks"
                    },
                    "type": "minecraft:block_predicate_filter"
                  }
                ]
              },
              {
                "feature": "arboria:big_jungle_tree/rooted_dirt/1",
                "placement": [
                  {
                    "predicate": {
                      "blocks": "minecraft:jungle_log",
                      "type": "minecraft:matching_blocks"
                    },
                    "type": "minecraft:block_predicate_filter"
                  }
                ]
              }
            ]
          },
          "type": "minecraft:simple_random_selector"
        },
        "placement": [
          {
            "predicate": {
              "state": {
                "Name": "minecraft:jungle_sapling",
                "Properties": {
                  "stage": "0"
                }
              },
              "type": "minecraft:would_survive"
            },
            "type": "minecraft:block_predicate_filter"
          },
          {
            "predicate": {
              "predicates": [
                {
                  "offset": [
                    1,
                    -2,
                    0
                  ],
                  "type": "minecraft:solid"
                },
                {
                  "offset": [
                    1,
                    -2,
                    1
                  ],
                  "type": "minecraft:solid"
                },
                {
                  "offset": [
                    0,
                    -2,
                    1
                  ],
                  "type": "minecraft:solid"
                },
                {
                  "offset": [
                    -1,
                    -2,
                    1
                  ],
                  "type": "minecraft:solid"
                },
                {
                  "offset": [
                    -1,
                    -2,
                    0
                  ],
                  "type": "minecraft:solid"
                },
                {
                  "offset": [
                    -1,
                    -2,
                    -1
                  ],
                  "type": "minecraft:solid"
                },
                {
                  "offset": [
                    0,
                    -2,
                    -1
                  ],
                  "type": "minecraft:solid"
                },
                {
                  "offset": [
                    1,
                    -2,
                    -1
                  ],
                  "type": "minecraft:solid"
                }
              ],
              "type": "minecraft:all_of"
            },
            "type": "minecraft:block_predicate_filter"
          },
          {
            "count": 48,
            "type": "minecraft:count"
          }
        ]
      }
    ]
  },
  "type": "minecraft:simple_random_selector"
}